material_canonical,material_family,train_occurrences,train_garments,ml_token,token_reason
polyester,synthetic,23716,17907,polyester,in_vocab
cotton,natural_plant,23530,19303,cotton,in_vocab
elastane,synthetic,15362,13188,elastane,in_vocab
nylon,synthetic,6675,5938,nylon,in_vocab
viscose,regenerated_cellulosic,5555,5374,viscose,in_vocab
wool,natural_animal,2235,2214,wool,in_vocab
acrylic,synthetic,1771,1753,acrylic,in_vocab
linen,natural_plant,1330,1320,linen,in_vocab
lyocell,regenerated_cellulosic,661,650,lyocell,in_vocab
elastomultiester,synthetic,361,311,elastomultiester,in_vocab
modal,regenerated_cellulosic,280,280,modal,in_vocab
cashmere,natural_animal,208,208,cashmere,in_vocab
metallised_fibre,metal,181,176,metallised_fibre,in_vocab
polyurethane,synthetic,174,167,polyurethane,in_vocab
mohair,natural_animal,134,134,mohair,in_vocab
alpaca,natural_animal,93,93,alpaca,in_vocab
cupro,regenerated_cellulosic,84,76,cupro,in_vocab
silk,natural_animal,68,68,silk,in_vocab
leather,leather,58,58,leather,in_vocab
acetate,regenerated_cellulosic,51,48,acetate,in_vocab
unspecified_material,unknown,48,47,OTHER,unspecified_source_label
down,natural_animal,30,30,down,in_vocab
feather,natural_animal,30,30,feather,in_vocab
rubber,other,22,22,OTHER,rare_in_train
tpu,synthetic,22,22,OTHER,rare_in_train
elastodiene,synthetic,19,19,OTHER,rare_in_train
modacrylic,synthetic,19,19,OTHER,rare_in_train
pbt,synthetic,14,14,OTHER,rare_in_train
suede,leather,13,13,OTHER,rare_in_train
paper,other,9,9,OTHER,rare_in_train
pctg,synthetic,7,7,OTHER,rare_in_train
ramie,natural_plant,7,7,OTHER,rare_in_train
polyethylene,synthetic,6,6,OTHER,rare_in_train
polypropylene,synthetic,6,5,OTHER,rare_in_train
polystyrene,synthetic,5,5,OTHER,rare_in_train
brass,metal,3,2,OTHER,rare_in_train
eva,synthetic,2,2,OTHER,rare_in_train
resin,other,2,2,OTHER,rare_in_train
abs,synthetic,1,1,OTHER,rare_in_train
cellulose,regenerated_cellulosic,1,1,OTHER,rare_in_train
wax,other,1,1,OTHER,rare_in_train
copper,metal,0,0,OTHER,unseen_in_train
glass,other,0,0,OTHER,unseen_in_train
hemp,natural_plant,0,0,OTHER,unseen_in_train
iron,metal,0,0,OTHER,unseen_in_train
jute,natural_plant,0,0,OTHER,unseen_in_train
latex,other,0,0,OTHER,unseen_in_train
mabs,synthetic,0,0,OTHER,unseen_in_train
metal,metal,0,0,OTHER,unseen_in_train
pearl,other,0,0,OTHER,unseen_in_train
pmma,synthetic,0,0,OTHER,unseen_in_train
polycarbonate,synthetic,0,0,OTHER,unseen_in_train
pom,synthetic,0,0,OTHER,unseen_in_train
ptfe,synthetic,0,0,OTHER,unseen_in_train
silicone,other,0,0,OTHER,unseen_in_train
steel,metal,0,0,OTHER,unseen_in_train
textile,other,0,0,OTHER,unseen_in_train
tpe,synthetic,0,0,OTHER,unseen_in_train
triacetate,regenerated_cellulosic,0,0,OTHER,unseen_in_train
zinc,metal,0,0,OTHER,unseen_in_train
